IdentificativiOfferta_PIVA_UTENTE;IdentificativiOfferta_COD_OFFERTA;DettaglioOfferta_TIPO_MERCATO;DettaglioOfferta_TIPO_CLIENTE;DettaglioOfferta_DOMESTICO_RESIDENTE;DettaglioOfferta_TIPO_OFFERTA;DettaglioOfferta_TIPOLOGIA_ATT_CONTR_0;DettaglioOfferta_TIPOLOGIA_ATT_CONTR_1;DettaglioOfferta_TIPOLOGIA_ATT_CONTR_2;DettaglioOfferta_NOME_OFFERTA;DettaglioOfferta_DESCRIZIONE;DettaglioOfferta_DURATA;DettaglioOfferta_GARANZIE;DettaglioOfferta_ModalitaAttivazione_MODALITA;DettaglioOfferta_Contatti_TELEFONO;DettaglioOfferta_Contatti_URL_SITO_VENDITORE;ValiditaOfferta_DATA_INIZIO;ValiditaOfferta_DATA_FINE;OffertaDual_OFFERTE_CONGIUNTE_EE;OffertaDual_OFFERTE_CONGIUNTE_GAS;MetodoPagamento_0_MODALITA_PAGAMENTO;MetodoPagamento_1_MODALITA_PAGAMENTO;MetodoPagamento_2_MODALITA_PAGAMENTO;MetodoPagamento_3_MODALITA_PAGAMENTO;MetodoPagamento_3_DESCRIZIONE;CondizioniContrattuali_TIPOLOGIA_CONDIZIONE;CondizioniContrattuali_DESCRIZIONE;CondizioniContrattuali_LIMITANTE;Sconto_NOME;Sconto_DESCRIZIONE;Sconto_VALIDITA;Sconto_IVA_SCONTO;Sconto_Condizione_CONDIZIONE_APPLICAZIONE;Sconto_Condizione_DESCRIZIONE_CONDIZIONE;Sconto_PrezziSconto_TIPOLOGIA;Sconto_PrezziSconto_UNITA_MISURA;Sconto_PrezziSconto_PREZZO;RiferimentiPrezzoEnergia_IDX_PREZZO_ENERGIA;DettaglioOfferta_TIPOLOGIA_ATT_CONTR;DettaglioOfferta_ModalitaAttivazione_MODALITA_0;DettaglioOfferta_ModalitaAttivazione_MODALITA_1;DettaglioOfferta_ModalitaAttivazione_MODALITA_2;DettaglioOfferta_ModalitaAttivazione_DESCRIZIONE;CondizioniContrattuali_0_TIPOLOGIA_CONDIZIONE;CondizioniContrattuali_0_DESCRIZIONE;CondizioniContrattuali_0_LIMITANTE;CondizioniContrattuali_1_TIPOLOGIA_CONDIZIONE;CondizioniContrattuali_1_DESCRIZIONE;CondizioniContrattuali_1_LIMITANTE;CondizioniContrattuali_2_TIPOLOGIA_CONDIZIONE;CondizioniContrattuali_2_DESCRIZIONE;CondizioniContrattuali_2_LIMITANTE;CondizioniContrattuali_3_TIPOLOGIA_CONDIZIONE;CondizioniContrattuali_3_DESCRIZIONE;CondizioniContrattuali_3_LIMITANTE;DettaglioOfferta_TIPOLOGIA_ATT_CONTR_3;DettaglioOfferta_Contatti_URL_OFFERTA;MetodoPagamento_MODALITA_PAGAMENTO;DettaglioOfferta_OFFERTA_SINGOLA;MetodoPagamento_2_DESCRIZIONE;CondizioniContrattuali_1_ALTRO;CaratteristicheOfferta_CONSUMO_MIN;CaratteristicheOfferta_CONSUMO_MAX;TipoPrezzo_TIPOLOGIA_FASCE;Dispacciamento_TIPO_DISPACCIAMENTO;Dispacciamento_VALORE_DISP;Dispacciamento_NOME;CondizioniContrattuali_ALTRO;Sconto_TIPO_SCONTO;Sconto_PrezziSconto_VALIDO_DA;Sconto_PrezziSconto_VALIDO_FINO;ZoneOfferta_REGIONE_0;ZoneOfferta_REGIONE_1;ZoneOfferta_REGIONE_2;ZoneOfferta_REGIONE_3;ZoneOfferta_REGIONE_4;ZoneOfferta_REGIONE_5;ZoneOfferta_REGIONE_6;ZoneOfferta_REGIONE_7;ZoneOfferta_REGIONE_8;ZoneOfferta_REGIONE_9;ZoneOfferta_REGIONE_10;ZoneOfferta_REGIONE_11;ZoneOfferta_REGIONE_12
03386091205;023912DSFFL01XX-2212ECOLOGK24BID;03;01;03;01;01;02;03;Accendi ECOLOGICA Luce e Gas 24 Mesi Bioraria;L'offerta "Accendi ECOLOGICA Luce e Gas 24 mesi Bioraria" e' dedicata al cliente finale domestico titolare di un Punto di Prelievo in bassa tensione per Uso Domestico e di un Punto di Riconsegna Gas per Uso Domestico. Questa offerta permette di avere l'opzione Energie Rinnovabili, senza alcun costo aggiuntivo per il cliente e permette di avere il prezzo della Luce e del Gas bloccato per 2 anni in fascia bioraria. L'opzione Energie Rinnovabili garantisce al Cliente che tutta l'energia dallo stesso consumata provenga da fonti rinnovabili. Il fornitore provvedera' all'approvvigionamento e all'annullamento delle Garanzie di Origine per la certificazione dell'intero quantitativo di energia elettrica consumata annualmente dal Cliente in conformita' alla delibera ARERA ARG/elt 104/11 s.s.m.i. garantendo la coerenza del contratto di fornitura con la regolazione definita dell'ARERA in materia. Questa offerta permette inoltre di avere il gas "verde 100% CO2 free" perche utilizza la Certificazione di Crediti di Carbonio di Carbonsink. Con questo sistema, le emissioni di carbonio legate alla produzione del gas vengono "compensate" finanziando programmi con un impatto positivo sull'ambiente e lo sviluppo sostenibile del pianeta. Il valore  del corrispettivo a copertura degli oneri netti di approvvigionamento della capacita' e' indicato nella Quota Energia all'interno della Materia prima energia al lordo delle perdite di rete, ed e' pari a quello stabilito dall'ARERA per i clienti del servizio di maggior tutela. Tale corrispettivo sara' ulteriormente maggiorato di un importo pari alle perdite (attualmente del 10,2%). Tale percentuale di maggiorazione e il corrispettivo stesso seguiranno gli eventuali aggiornamenti previsti da Arera.;24;Zero costi di attivazione e recesso. Zero costi spedizione bolletta. Nessuna garanzia di pagamento se sei Socio Coop Alleanza 3.0 o Unicoop Tirreno o Coop Reno oppure hai scelto come modalit�� di pagamento l���addebito bancario/postale SDD e l���allineamento verso la banca abbia avuto esito positivo e non vi siano insoluti a tuo carico. Se non sei Socio Coop Alleanza 3.0 o Unicoop Tirreno o Coop Reno e non hai scelto come modalit�� di pagamento l���addebito bancario/postale SDD, ��o pur avendola scelta, vi siano insoluti a tuo carico oppure l���allineamento verso la banca ha avuto esito negativo non facendo risultare attivo l���addebito ci saranno 25��� di garanzia di pagamento;02;800208468;https://www.accendilucegas.it;01/12/2022_00:00:00;31/12/2022_23:59:59;023912ESFFL01XX-2212ECOLOGK24BID;023912GSFML01XX-2212ECOLOGK24GND;01;02;04;99;Cessione del credito;04;Tale offerta �� da considerarsi pluriennale in considerazione del fatto che i prezzi applicati come riportati nelle CTE hanno validit�� di 24 mesi salvo recesso. Per tutti i dettagli si prega di consultare la documentazione contrattuale disponibile sul sito o prima della sottoscrizione dell���offerta;02;Cessione del credito Coop Alleanza 3.0;Sconto applicato qualora il pagamento della bolletta avvenga mediante la cessione del credito e sia operata la compensazione sul libretto sociale di prestito di Coop Alleanza 3.0;03;01;99;Sconto applicato qualora il pagamento della bolletta avvenga mediante la cessione del credito e sia operata la compensazione sul libretto sociale di prestito di Coop Alleanza 3.0;01;01;6;;;;;;;;;;;;;;;;;;;;;;;;;;;;;;;;;;;;;;;;;;;;;;;
03386091205;023912DSFML01XX-2212ECOLOGK24MOD;03;01;03;01;01;02;03;Accendi ECOLOGICA Luce e Gas 24 Mesi Monoraria;L'offerta "Accendi ECOLOGICA Luce e Gas 24 mesi Monoraria" e' dedicata al cliente finale domestico titolare di un Punto di Prelievo in bassa tensione per Uso Domestico e di un Punto di Riconsegna Gas per Uso Domestico. Questa offerta permette di avere l'opzione Energie Rinnovabili, senza alcun costo aggiuntivo per il cliente e permette di avere il prezzo della Luce e del Gas bloccato per 2 anni in fascia monoraria. L'opzione Energie Rinnovabili garantisce al Cliente che tutta l'energia dallo stesso consumata provenga da fonti rinnovabili. Il fornitore provvedera' all'approvvigionamento e all'annullamento delle Garanzie di Origine per la certificazione dell'intero quantitativo di energia elettrica consumata annualmente dal Cliente in conformita' alla delibera ARERA ARG/elt 104/11 s.s.m.i. garantendo la coerenza del contratto di fornitura con la regolazione definita dell'ARERA in materia. Questa offerta permette inoltre di avere il gas "verde 100% CO2 free" perche utilizza la Certificazione di Crediti di Carbonio di Carbonsink. Con questo sistema, le emissioni di carbonio legate alla produzione del gas vengono "compensate" finanziando programmi con un impatto positivo sull'ambiente e lo sviluppo sostenibile del pianeta. Il valore  del corrispettivo a copertura degli oneri netti di approvvigionamento della capacita' e' indicato nella Quota Energia all'interno della Materia prima energia al lordo delle perdite di rete, ed e' pari a quello stabilito dall'ARERA per i clienti del servizio di maggior tutela. Tale corrispettivo sara' ulteriormente maggiorato di un importo pari alle perdite (attualmente del 10,2%). Tale percentuale di maggiorazione e il corrispettivo stesso seguiranno gli eventuali aggiornamenti previsti da Arera.;24;Zero costi di attivazione e recesso. Zero costi spedizione bolletta. Nessuna garanzia di pagamento se sei Socio Coop Alleanza 3.0 o Unicoop Tirreno o Coop Reno oppure hai scelto come modalit�� di pagamento l���addebito bancario/postale SDD e l���allineamento verso la banca abbia avuto esito positivo e non vi siano insoluti a tuo carico. Se non sei Socio Coop Alleanza 3.0 o Unicoop Tirreno o Coop Reno e non hai scelto come modalit�� di pagamento l���addebito bancario/postale SDD, ��o pur avendola scelta, vi siano insoluti a tuo carico oppure l���allineamento verso la banca ha avuto esito negativo non facendo risultare attivo l���addebito ci saranno 25��� di garanzia di pagamento;02;800208468;https://www.accendilucegas.it;01/12/2022_00:00:00;31/12/2022_23:59:59;023912ESFML01XX-2212ECOLOGK24MOD;023912GSFML01XX-2212ECOLOGK24GND;01;02;04;99;Cessione del credito;04;Tale offerta �� da considerarsi pluriennale in considerazione del fatto che i prezzi applicati come riportati nelle CTE hanno validit�� di 24 mesi salvo recesso. Per tutti i dettagli si prega di consultare la documentazione contrattuale disponibile sul sito o prima della sottoscrizione dell���offerta;02;Cessione del credito Coop Alleanza 3.0;Sconto applicato qualora il pagamento della bolletta avvenga mediante la cessione del credito e sia operata la compensazione sul libretto sociale di prestito di Coop Alleanza 3.0;03;01;99;Sconto applicato qualora il pagamento della bolletta avvenga mediante la cessione del credito e sia operata la compensazione sul libretto sociale di prestito di Coop Alleanza 3.0;01;01;6;;;;;;;;;;;;;;;;;;;;;;;;;;;;;;;;;;;;;;;;;;;;;;;
03386091205;023912DSVFL01XX-2212AGILEECOLELD;03;01;03;02;01;02;03;Accendi Casa AGILE ECOLOGICA Luce e Gas;L'offerta "Accendi Casa AGILE ECOLOGICA Luce e Gas" e' dedicata al Cliente finale domestico titolare di un contatore luce e di un contatore gas per Uso Domestico. Si tratta di un' offerta a prezzo variabile e il costo della materia prima segue l'andamento del mercato all'ingrosso. Questa offerta permette di avere l'opzione Energie Rinnovabili, senza alcun costo aggiuntivo per il cliente e garantisce he tutta l'energia dallo stesso consumata provenga da fonti rinnovabili. Il fornitore provvedera' all'approvvigionamento e all'annullamento delle Garanzie di Origine per la certificazione dell'intero quantitativo di energia elettrica consumata annualmente dal Cliente in conformita' alla delibera ARERA ARG/elt 104/11 s.s.m.i. garantendo la coerenza del contratto di fornitura con la regolazione definita dell'ARERA in materia. Il valore  del corrispettivo a copertura degli oneri netti di approvvigionamento della capacita' e' indicato nella Quota Energia all'interno della Materia prima energia al lordo delle perdite di rete, ed e' pari a quello stabilito dall'ARERA per i clienti del servizio di maggior tutela. Tale corrispettivo sara' ulteriormente maggiorato di un importo pari alle perdite (attualmente del 10,2%). Tale percentuale di maggiorazione e il corrispettivo stesso seguiranno gli eventuali aggiornamenti previsti da Arera.;-1;Zero costi di attivazione e recesso. Zero costi spedizione bolletta. Nessuna garanzia di pagamento se sei Socio Coop Alleanza 3.0 o Unicoop Tirreno o Coop Reno oppure hai scelto come modalit�� di pagamento l���addebito bancario/postale SDD e l���allineamento verso la banca abbia avuto esito positivo e non vi siano insoluti a tuo carico. Se non sei Socio Coop Alleanza 3.0 o Unicoop Tirreno o Coop Reno e non hai scelto come modalit�� di pagamento l���addebito bancario/postale SDD, ��o pur avendola scelta, vi siano insoluti a tuo carico oppure l���allineamento verso la banca ha avuto esito negativo non facendo risultare attivo l���addebito ci saranno 25��� di garanzia di pagamento;02;800208468;https://www.accendilucegas.it;02/12/2022_00:00:00;31/12/2022_23:59:59;023912ESVFL01XX-2212AGILEECOLELD;023912GSVML01XX-2212AGILEECOLGND;01;02;04;99;Cessione del credito;04;Le presenti condizioni tecniche economiche saranno considerate valide per 12 mesi decorrenti dalla data di attivazione della fornitura e si intenderanno prorogate per altri 12 mesi, e cos�� sempre in assenza di alcuna nuova proposta, qualora ALG, entro la scadenza dei 12 mesi, non abbia inviato al cliente alcuna nuova proposta. Per tutti i dettagli si prega di consultare la documentazione contrattuale disponibile sul sito o prima della sottoscrizione dell���offerta;02;Cessione del credito Coop Alleanza 3.0;Sconto applicato qualora il pagamento della bolletta avvenga mediante la cessione del credito e sia operata la compensazione sul libretto sociale di prestito di Coop Alleanza 3.0;03;01;99;Sconto applicato qualora il pagamento della bolletta avvenga mediante la cessione del credito e sia operata la compensazione sul libretto sociale di prestito di Coop Alleanza 3.0;01;01;6;12;;;;;;;;;;;;;;;;;;;;;;;;;;;;;;;;;;;;;;;;;;;;;;
01141160992;000099DSVML12XXPULSEEIDX22862212;03;01;;02;;;;PULSEE LUCE E GAS PER TE INDEX Index;Offerta a prezzo indicizzato, ideale per un utilizzo prevalente dell'energia durante la sera e i weekend, con la comodità di gestire luce e gas con un unico fornitore. L'energia fornita alla tua abitazione sarà valorizzata applicando ai tuoi consumi il prezzo indicizzato definito nell'offerta. Gli altri corrispettivi potranno subire indicizzazioni e/o variazioni in base a provvedimenti dell'ARERA. Incluso nell'offerta servizio di assistenza dedicata tramite numero verde, Facebook Messenger e Whatsapp;-1;nessuna;;800620520;https://www.pulsee.it;06/12/2022_12:00:00;10/01/2023_11:59:59;000099ESVFL12XXPULSEEPUM22882212;000099GSVML12XXPULSEEPSV22862212;01;03;;;;;;;;;;;;;;;;01;99;01;05;99;Comparison,Call Center;01;La data di attivazione della fornitura verrà indicata sulla lettera di benvenuto (welcome letter) che verrà inviata al cliente entro 40 giorni dalla sottoscrizione La fornitura di Energia Elettrica e/o di Gas Naturale è condizionata all'attivazione da parte dei soggetti competenti dei servizi di trasporto e dispacciamento dell'Energia Elettrica e/o di trasporto e di distribuzione del Gas Naturale e avviene compatibilmente con l'intervenuta efficacia dei recessi del Cliente verso precedenti fornitori.;01;02;In caso di recesso esercitato per disattivazione del punto di prelievo, sia per energia elettrica che gas naturale il Cliente è tenuto a inviare al fornitore comunicazione scritta a mezzo raccomandata con un preavviso di almeno 1 (uno) mese i rispetto alla decorrenza della disattivazione;01;03;il Cliente può esercitare il diritto di recesso per ripensamento entro 14 giorni dalla data di conclusione del contratto, anche per una sola fornitura, dandone comunicazione al Fornitore a mezzo lettera raccomandata AR, via email a assistenzaclienti.it@axpo.com o via PEC utilizzando l'apposito template messo a disposizione dal Fornitore e scaricabile dal sito internet. Nel caso di recesso per cambio venditore il Cliente rilascia al Fornitore apposita procura a recedere in suo nome e per suo conto dal contratto di fornitura con il fornitore uscente. Nel caso in cui intenda cambiare fornitore, il Cliente domestico può recedere in qualunque momento e senza oneri dal Contratto. Il nuovo fornitore è tenuto all'invio di apposita comunicazione al Sistema Informativo Integrato - SII Nel caso di recesso per motivi diversi dal cambio fornitore (ad esempio per disattivazione del punto), il Cliente invierà comunicazione di recesso nelle forme e con le modalità previste dall'articolo 20 (comunicazioni) al Fornitore. Qualora comunicato entro il giorno 10 del mese di fornitura (mese M), lo switching sarà efficace a partire dal primo giorno del mese successivo (mese M+1). In caso di switching comunicato oltre il giorno 10 del mese di fornitura (mese M), il recesso sarà efficace a partire dal primo giorno del secondo mese di fornitura successivo (M+2). In ogni caso il Fornitore ha facoltà di recedere dal Contratto, per qualunque motivo, dandone comunicazione al Cliente mediante raccomandata, con un termine di preavviso non inferiore a 6 (sei) mesi.;01;04;Il Contratto ha durata indeterminata;02;;;;;;;;;;;;;;;;;;;;;;;;;;;;;
01141160992;000099DSVML12XXPULSEEIDX22872212;03;01;;02;;;;PULSEE LUCE E GAS RELAX INDEX Index;Offerta a prezzo indicizzato, ideale per un utilizzo prevalente dell'energia durante la sera e i weekend, con la comodità di gestire luce e gas con un unico fornitore. L'energia fornita alla tua abitazione sarà valorizzata applicando ai tuoi consumi il prezzo indicizzato definito nell'offerta. Gli altri corrispettivi potranno subire indicizzazioni e/o variazioni in base a provvedimenti dell'ARERA. Incluso nell'offerta servizio di assistenza dedicata tramite numero verde, Facebook Messenger e Whatsapp;-1;nessuna;;800620520;https://www.pulsee.it;06/12/2022_12:00:00;10/01/2023_11:59:59;000099ESVML12XXPULSEEPUB22892212;000099GSVML12XXPULSEEPSV22872212;01;03;;;;;;;;;;;;;;;;01;99;01;05;99;Comparison,Call Center;01;La data di attivazione della fornitura verrà indicata sulla lettera di benvenuto (welcome letter) che verrà inviata al cliente entro 40 giorni dalla sottoscrizione La fornitura di Energia Elettrica e/o di Gas Naturale è condizionata all'attivazione da parte dei soggetti competenti dei servizi di trasporto e dispacciamento dell'Energia Elettrica e/o di trasporto e di distribuzione del Gas Naturale e avviene compatibilmente con l'intervenuta efficacia dei recessi del Cliente verso precedenti fornitori.;01;02;In caso di recesso esercitato per disattivazione del punto di prelievo, sia per energia elettrica che gas naturale il Cliente è tenuto a inviare al fornitore comunicazione scritta a mezzo raccomandata con un preavviso di almeno 1 (uno) mese i rispetto alla decorrenza della disattivazione;01;03;il Cliente può esercitare il diritto di recesso per ripensamento entro 14 giorni dalla data di conclusione del contratto, anche per una sola fornitura, dandone comunicazione al Fornitore a mezzo lettera raccomandata AR, via email a assistenzaclienti.it@axpo.com o via PEC utilizzando l'apposito template messo a disposizione dal Fornitore e scaricabile dal sito internet. Nel caso di recesso per cambio venditore il Cliente rilascia al Fornitore apposita procura a recedere in suo nome e per suo conto dal contratto di fornitura con il fornitore uscente. Nel caso in cui intenda cambiare fornitore, il Cliente domestico può recedere in qualunque momento e senza oneri dal Contratto. Il nuovo fornitore è tenuto all'invio di apposita comunicazione al Sistema Informativo Integrato - SII Nel caso di recesso per motivi diversi dal cambio fornitore (ad esempio per disattivazione del punto), il Cliente invierà comunicazione di recesso nelle forme e con le modalità previste dall'articolo 20 (comunicazioni) al Fornitore. Qualora comunicato entro il giorno 10 del mese di fornitura (mese M), lo switching sarà efficace a partire dal primo giorno del mese successivo (mese M+1). In caso di switching comunicato oltre il giorno 10 del mese di fornitura (mese M), il recesso sarà efficace a partire dal primo giorno del secondo mese di fornitura successivo (M+2). In ogni caso il Fornitore ha facoltà di recedere dal Contratto, per qualunque motivo, dandone comunicazione al Cliente mediante raccomandata, con un termine di preavviso non inferiore a 6 (sei) mesi.;01;04;Il Contratto ha durata indeterminata;02;;;;;;;;;;;;;;;;;;;;;;;;;;;;;
06289781004;001714DSVFL10XXEFLEX000100000000;03;02;;02;02;04;01;eFLEX;L'offerta di ENGIE per la luce e gas della tua attività che ti garantisce un prezzo sempre in linea con il mercato;-1;Domiciliazione obbligatoria;02;800901199;https://imprese.engie.it/professionisti-commercianti;05/12/2022_00:00:00;07/02/2023_00:00:00;001714ESVFL10XXEFLEX000100000000;001714GSVML10XXEFLEX000100000000;;;;;;04;Offerta Pluriennale;02;;;;;;;;;;12;;;;;;;;;;;;;;;;;;03;https://imprese.engie.it/professionisti-commercianti;01;;;;;;;;;;;;;;;;;;;;;;;;;;
04096150281;021406DSVML08XXCACOGAV03R_000000;03;01;;02;01;03;04;ENERGYGATE VARIABILE GREEN BIFUEL;La presente offerta e applicabile a tutti i Clienti domestici. L offerta e riservata a chi e gia cliente per l acquisto di un prodotto Invent.;12;CAUZIONE COME DA CONTRATTO;99;0421307393;www.ecocasalucegas.it;06/12/2022_15:09:00;31/01/2023_00:00:00;021406ESVML01XXCACOGAV03RL_00000;021406GSVML07XXCACOGAV03RG_00000;01;04;99;;;;;;;;;;;;;;;14;;;;;CONTATTO MAIL O INCARICATO;01;La presente offerta e applicabile a tutti i Clienti domestici. L offerta e riservata a chi e gia cliente per l acquisto di un prodotto Invent.;01;99;All atto dell emissione di una fattura,qualora risultino fatture precedenti non pagate,Invent si riserva il diritto di non procedere al riconoscimento del bonus nella fattura in emissione.;01;03;Lo sconto non erogato al termine del periodo di fornitura in caso di recesso da parte del Cliente non dara diritto ad alcun rimborso in denaro;01;;;;;https://www.ecocasalucegas.it/lucegas-famiglia/;;NO;BONIFICO BANCARIO;INSOLVENZA;;;;;;;;;;;;;;;;;;;;;;;
03053750166;PWDZEROC;03;01;01;02;;;;DUAL POWER ZERO CONSUMER;GAS - L’offerta valida per tutta la durata contrattuale, applica il prezzo del gas secondo le condizioni economiche regolate del servizio di tutela dell’ARERA, applicato ai quantitativi di gas prelevati dal cliente. LUCE - L’offerta valida per tutta la durata contrattuale, applica il prezzo dell’energia  secondo le condizioni economiche regolate del servizio di maggior tutela dell’ARERA, applicato ai quantitativi di energia elettrica prelevata dal cliente ed è soggetta a variazioni trimestrali. Il prezzo è riferito alla componente energia PE suddivisa per fascia F1,F2F3.;-1;Deposito cauzionale: non applicato;;800642660;https://www.powergas.it/;18/09/2019_00:00:00;31/12/2099_23:59:59;PZLC;PZGC;01;02;04;99;BONIFICO BANCARIO/POSTALE;99;Spesa cambio offerta: per il cambio di tipologia di offerta è previsto un costo Una Tantum di €20.00+IVA;01;Spesa gestione pratica;Sconto sulla spesa gestione pratica amministrativa;01;01;99;Si applica se il cliente sceglie l'addebito in conto SEPA/RID;01;06;100;02;99;03;99;;Agenti commerciali;;;;;;;;;;;;;;https://www.powergas.it/offerte/dual-zero-consumer/;;NO;;;0;0;91;99;0.01382;PD;Servizi accessori;01;0;999999999;;;;;;;;;;;;;
13149000153;000652DSVFL04XX_VVWEBMARDF251122;03;01;03;02;;;;VIVIweb Market Lucegas;L'offerta "VIVIweb Market Lucegas", destinata ai clienti finali domestici, garantisce un prezzo della materia prima differenziato a PSV Day-Ahead per il gas e il PUN su tre fasce per la luce, aggiornato mensilmente secondo il mercato. Ed in più rispetti l'ambiente grazie all'energia verde 100% da fonti rinnovabili.;12;L'offerta non prevede deposito cauzionale in caso di cambio fornitore.;01;800151313;https://www.vivienergia.it/;25/11/2022_00:00:00;15/12/2022_23:59:59;000652ESVFL04XX_VVWEBMARDF251122;000652GSVML04XX_VVWEBMARDF251122;;;;;;01;Valido solo per switch.;02;;;;;;;;;;14;02;;;;Offerta attivabile da web.;;;;;;;;;;;;;;https://www.vivienergia.it;01;NO;;;;;;;;;;;;;08;06;12;07;03;11;01;09;04;10;02;05;16
13149000153;000652DSVFL04XX_VVFLGEDOM_111122;03;01;03;02;;;;VIVIflessibile Lucegas;L'offerta "VIVIflessibile Lucegas", destinata ai clienti finali domestici, garantisce un prezzo della materia prima a PSV Day-Ahead per il gas e il PUN su tre fasce per la luce, aggiornato mensilmente secondo il mercato. Ed in più rispetti l'ambiente grazie all'energia verde 100% da fonti rinnovabili.;12;L'offerta non prevede deposito cauzionale in caso di cambio fornitore.;03;800151313;https://www.vivienergia.it/;11/11/2022_00:00:00;15/12/2022_23:59:59;000652ESVFL04XX_VVFLEEDOM_111122;000652GSVML04XX_VVFLGMDOM_111122;01;02;03;04;;01;Valido per nuovi contratti.;02;;;;;;;;;;14;99;;;;Offerta attivabile da store.;;;;;;;;;;;;;;https://www.vivienergia.it;;NO;;;;;;;;;;;;;08;06;12;07;03;11;01;09;04;10;02;05;16